<?xml version="1.0" encoding="UTF-8"?>
<!DOCTYPE mapper PUBLIC "-//mybatis.org//DTD Mapper 3.0//EN" "http://mybatis.org/dtd/mybatis-3-mapper.dtd">
<mapper namespace="com.phms.mapper.PetMapper">
  <resultMap id="BaseResultMap" type="com.phms.pojo.Pet">
    <!--
      WARNING - @mbg.generated
      This element is automatically generated by MyBatis Generator, do not modify.
      This element was generated on Mon Apr 06 17:03:33 CST 2020.
    -->
    <id column="id" jdbcType="BIGINT" property="id" />
    <result column="user_id" jdbcType="BIGINT" property="userId" />
    <result column="name" jdbcType="VARCHAR" property="name" />
    <result column="weight" jdbcType="DOUBLE" property="weight" />
    <result column="height" jdbcType="DOUBLE" property="height" />
    <result column="type" jdbcType="VARCHAR" property="type" />
    <result column="birthday" jdbcType="TIMESTAMP" property="birthday" />
    <result column="img" jdbcType="VARCHAR" property="img" />
    <result column="create_time" jdbcType="TIMESTAMP" property="createTime" />
  </resultMap>
  <sql id="Example_Where_Clause">
    <!--
      WARNING - @mbg.generated
      This element is automatically generated by MyBatis Generator, do not modify.
      This element was generated on Mon Apr 06 17:03:33 CST 2020.
    -->
    <where>
      <foreach collection="oredCriteria" item="criteria" separator="or">
        <if test="criteria.valid">
          <trim prefix="(" prefixOverrides="and" suffix=")">
            <foreach collection="criteria.criteria" item="criterion">
              <choose>
                <when test="criterion.noValue">
                  and ${criterion.condition}
                </when>
                <when test="criterion.singleValue">
                  and ${criterion.condition} #{criterion.value}
                </when>
                <when test="criterion.betweenValue">
                  and ${criterion.condition} #{criterion.value} and #{criterion.secondValue}
                </when>
                <when test="criterion.listValue">
                  and ${criterion.condition}
                  <foreach close=")" collection="criterion.value" item="listItem" open="(" separator=",">
                    #{listItem}
                  </foreach>
                </when>
              </choose>
            </foreach>
          </trim>
        </if>
      </foreach>
    </where>
  </sql>
  <sql id="Update_By_Example_Where_Clause">
    <!--
      WARNING - @mbg.generated
      This element is automatically generated by MyBatis Generator, do not modify.
      This element was generated on Mon Apr 06 17:03:33 CST 2020.
    -->
    <where>
      <foreach collection="example.oredCriteria" item="criteria" separator="or">
        <if test="criteria.valid">
          <trim prefix="(" prefixOverrides="and" suffix=")">
            <foreach collection="criteria.criteria" item="criterion">
              <choose>
                <when test="criterion.noValue">
                  and ${criterion.condition}
                </when>
                <when test="criterion.singleValue">
                  and ${criterion.condition} #{criterion.value}
                </when>
                <when test="criterion.betweenValue">
                  and ${criterion.condition} #{criterion.value} and #{criterion.secondValue}
                </when>
                <when test="criterion.listValue">
                  and ${criterion.condition}
                  <foreach close=")" collection="criterion.value" item="listItem" open="(" separator=",">
                    #{listItem}
                  </foreach>
                </when>
              </choose>
            </foreach>
          </trim>
        </if>
      </foreach>
    </where>
  </sql>
  <sql id="Base_Column_List">
    <!--
      WARNING - @mbg.generated
      This element is automatically generated by MyBatis Generator, do not modify.
      This element was generated on Mon Apr 06 17:03:33 CST 2020.
    -->
    id, user_id, name, weight, height, type, birthday, img, create_time
  </sql>
  <select id="selectByExample" parameterType="com.phms.pojo.PetExample" resultMap="BaseResultMap">
    <!--
      WARNING - @mbg.generated
      This element is automatically generated by MyBatis Generator, do not modify.
      This element was generated on Mon Apr 06 17:03:33 CST 2020.
    -->
    select
    <if test="distinct">
      distinct
    </if>
    <include refid="Base_Column_List" />
    from pet
    <if test="_parameter != null">
      <include refid="Example_Where_Clause" />
    </if>
    <if test="orderByClause != null">
      order by ${orderByClause}
    </if>
  </select>
  <select id="selectByPrimaryKey" parameterType="java.lang.Long" resultMap="BaseResultMap">
    <!--
      WARNING - @mbg.generated
      This element is automatically generated by MyBatis Generator, do not modify.
      This element was generated on Mon Apr 06 17:03:33 CST 2020.
    -->
    select 
    <include refid="Base_Column_List" />
    from pet
    where id = #{id,jdbcType=BIGINT}
  </select>
  <delete id="deleteByPrimaryKey" parameterType="java.lang.Long">
    <!--
      WARNING - @mbg.generated
      This element is automatically generated by MyBatis Generator, do not modify.
      This element was generated on Mon Apr 06 17:03:33 CST 2020.
    -->
    delete from pet
    where id = #{id,jdbcType=BIGINT}
  </delete>
  <delete id="deleteByExample" parameterType="com.phms.pojo.PetExample">
    <!--
      WARNING - @mbg.generated
      This element is automatically generated by MyBatis Generator, do not modify.
      This element was generated on Mon Apr 06 17:03:33 CST 2020.
    -->
    delete from pet
    <if test="_parameter != null">
      <include refid="Example_Where_Clause" />
    </if>
  </delete>
  <insert id="insert" parameterType="com.phms.pojo.Pet">
    <!--
      WARNING - @mbg.generated
      This element is automatically generated by MyBatis Generator, do not modify.
      This element was generated on Mon Apr 06 17:03:33 CST 2020.
    -->
    insert into pet (id, user_id, name, 
      weight, height, type, 
      birthday, img, create_time
      )
    values (#{id,jdbcType=BIGINT}, #{userId,jdbcType=BIGINT}, #{name,jdbcType=VARCHAR}, 
      #{weight,jdbcType=DOUBLE}, #{height,jdbcType=DOUBLE}, #{type,jdbcType=VARCHAR}, 
      #{birthday,jdbcType=TIMESTAMP}, #{img,jdbcType=VARCHAR}, #{createTime,jdbcType=TIMESTAMP}
      )
  </insert>
  <insert id="insertSelective" parameterType="com.phms.pojo.Pet">
    <!--
      WARNING - @mbg.generated
      This element is automatically generated by MyBatis Generator, do not modify.
      This element was generated on Mon Apr 06 17:03:33 CST 2020.
    -->
    insert into pet
    <trim prefix="(" suffix=")" suffixOverrides=",">
      <if test="id != null">
        id,
      </if>
      <if test="userId != null">
        user_id,
      </if>
      <if test="name != null">
        name,
      </if>
      <if test="weight != null">
        weight,
      </if>
      <if test="height != null">
        height,
      </if>
      <if test="type != null">
        type,
      </if>
      <if test="birthday != null">
        birthday,
      </if>
      <if test="img != null">
        img,
      </if>
      <if test="createTime != null">
        create_time,
      </if>
    </trim>
    <trim prefix="values (" suffix=")" suffixOverrides=",">
      <if test="id != null">
        #{id,jdbcType=BIGINT},
      </if>
      <if test="userId != null">
        #{userId,jdbcType=BIGINT},
      </if>
      <if test="name != null">
        #{name,jdbcType=VARCHAR},
      </if>
      <if test="weight != null">
        #{weight,jdbcType=DOUBLE},
      </if>
      <if test="height != null">
        #{height,jdbcType=DOUBLE},
      </if>
      <if test="type != null">
        #{type,jdbcType=VARCHAR},
      </if>
      <if test="birthday != null">
        #{birthday,jdbcType=TIMESTAMP},
      </if>
      <if test="img != null">
        #{img,jdbcType=VARCHAR},
      </if>
      <if test="createTime != null">
        #{createTime,jdbcType=TIMESTAMP},
      </if>
    </trim>
  </insert>
  <select id="countByExample" parameterType="com.phms.pojo.PetExample" resultType="java.lang.Long">
    <!--
      WARNING - @mbg.generated
      This element is automatically generated by MyBatis Generator, do not modify.
      This element was generated on Mon Apr 06 17:03:33 CST 2020.
    -->
    select count(*) from pet
    <if test="_parameter != null">
      <include refid="Example_Where_Clause" />
    </if>
  </select>
  <update id="updateByExampleSelective" parameterType="map">
    <!--
      WARNING - @mbg.generated
      This element is automatically generated by MyBatis Generator, do not modify.
      This element was generated on Mon Apr 06 17:03:33 CST 2020.
    -->
    update pet
    <set>
      <if test="record.id != null">
        id = #{record.id,jdbcType=BIGINT},
      </if>
      <if test="record.userId != null">
        user_id = #{record.userId,jdbcType=BIGINT},
      </if>
      <if test="record.name != null">
        name = #{record.name,jdbcType=VARCHAR},
      </if>
      <if test="record.weight != null">
        weight = #{record.weight,jdbcType=DOUBLE},
      </if>
      <if test="record.height != null">
        height = #{record.height,jdbcType=DOUBLE},
      </if>
      <if test="record.type != null">
        type = #{record.type,jdbcType=VARCHAR},
      </if>
      <if test="record.birthday != null">
        birthday = #{record.birthday,jdbcType=TIMESTAMP},
      </if>
      <if test="record.img != null">
        img = #{record.img,jdbcType=VARCHAR},
      </if>
      <if test="record.createTime != null">
        create_time = #{record.createTime,jdbcType=TIMESTAMP},
      </if>
    </set>
    <if test="_parameter != null">
      <include refid="Update_By_Example_Where_Clause" />
    </if>
  </update>
  <update id="updateByExample" parameterType="map">
    <!--
      WARNING - @mbg.generated
      This element is automatically generated by MyBatis Generator, do not modify.
      This element was generated on Mon Apr 06 17:03:33 CST 2020.
    -->
    update pet
    set id = #{record.id,jdbcType=BIGINT},
      user_id = #{record.userId,jdbcType=BIGINT},
      name = #{record.name,jdbcType=VARCHAR},
      weight = #{record.weight,jdbcType=DOUBLE},
      height = #{record.height,jdbcType=DOUBLE},
      type = #{record.type,jdbcType=VARCHAR},
      birthday = #{record.birthday,jdbcType=TIMESTAMP},
      img = #{record.img,jdbcType=VARCHAR},
      create_time = #{record.createTime,jdbcType=TIMESTAMP}
    <if test="_parameter != null">
      <include refid="Update_By_Example_Where_Clause" />
    </if>
  </update>
  <update id="updateByPrimaryKeySelective" parameterType="com.phms.pojo.Pet">
    <!--
      WARNING - @mbg.generated
      This element is automatically generated by MyBatis Generator, do not modify.
      This element was generated on Mon Apr 06 17:03:33 CST 2020.
    -->
    update pet
    <set>
      <if test="userId != null">
        user_id = #{userId,jdbcType=BIGINT},
      </if>
      <if test="name != null">
        name = #{name,jdbcType=VARCHAR},
      </if>
      <if test="weight != null">
        weight = #{weight,jdbcType=DOUBLE},
      </if>
      <if test="height != null">
        height = #{height,jdbcType=DOUBLE},
      </if>
      <if test="type != null">
        type = #{type,jdbcType=VARCHAR},
      </if>
      <if test="birthday != null">
        birthday = #{birthday,jdbcType=TIMESTAMP},
      </if>
      <if test="img != null">
        img = #{img,jdbcType=VARCHAR},
      </if>
      <if test="createTime != null">
        create_time = #{createTime,jdbcType=TIMESTAMP},
      </if>
    </set>
    where id = #{id,jdbcType=BIGINT}
  </update>
  <update id="updateByPrimaryKey" parameterType="com.phms.pojo.Pet">
    <!--
      WARNING - @mbg.generated
      This element is automatically generated by MyBatis Generator, do not modify.
      This element was generated on Mon Apr 06 17:03:33 CST 2020.
    -->
    update pet
    set user_id = #{userId,jdbcType=BIGINT},
      name = #{name,jdbcType=VARCHAR},
      weight = #{weight,jdbcType=DOUBLE},
      height = #{height,jdbcType=DOUBLE},
      type = #{type,jdbcType=VARCHAR},
      birthday = #{birthday,jdbcType=TIMESTAMP},
      img = #{img,jdbcType=VARCHAR},
      create_time = #{createTime,jdbcType=TIMESTAMP}
    where id = #{id,jdbcType=BIGINT}
  </update>


  <select id="getAllByLimit"
          parameterType="com.phms.pojo.Pet"
          resultMap="BaseResultMap">
    SELECT
    <include refid="Base_Column_List" />
    FROM `pet`
    <where>
      <if test="name!=null and name !=''" >
        AND name like concat('%',#{name},'%')
      </if>
      <if test="userId!=null and userId!=''">
        AND user_id = #{userId}
      </if>
    </where>
    ORDER BY id DESC
    <if test="limit!=null">
      limit #{page}, #{limit}
    </if>
  </select>

  <select id="countAllByLimit"
          parameterType="com.phms.pojo.Pet"
          resultType="int">
    SELECT count(id)
    FROM `pet`
    <where>
      <if test="name!=null and name !=''" >
        AND name like concat('%',#{name},'%')
      </if>
      <if test="userId !=null and userId!=''">
        AND user_id = #{userId}
      </if>
    </where>
  </select>
</mapper>