<?xml version="1.0" encoding="UTF-8"?>
<!DOCTYPE mapper PUBLIC "-//mybatis.org//DTD Mapper 3.0//EN" "http://mybatis.org/dtd/mybatis-3-mapper.dtd">
<mapper namespace="com.phms.mapper.RolePageMapper">
  <resultMap id="BaseResultMap" type="com.phms.pojo.RolePage">
    <id column="rp_id" jdbcType="INTEGER" property="rpId" />
    <result column="role_id" jdbcType="INTEGER" property="roleId" />
    <result column="page_id" jdbcType="INTEGER" property="pageId" />
  </resultMap>
  <sql id="Example_Where_Clause">
    <where>
      <foreach collection="oredCriteria" item="criteria" separator="or">
        <if test="criteria.valid">
          <trim prefix="(" prefixOverrides="and" suffix=")">
            <foreach collection="criteria.criteria" item="criterion">
              <choose>
                <when test="criterion.noValue">
                  and ${criterion.condition}
                </when>
                <when test="criterion.singleValue">
                  and ${criterion.condition} #{criterion.value}
                </when>
                <when test="criterion.betweenValue">
                  and ${criterion.condition} #{criterion.value} and #{criterion.secondValue}
                </when>
                <when test="criterion.listValue">
                  and ${criterion.condition}
                  <foreach close=")" collection="criterion.value" item="listItem" open="(" separator=",">
                    #{listItem}
                  </foreach>
                </when>
              </choose>
            </foreach>
          </trim>
        </if>
      </foreach>
    </where>
  </sql>
  <sql id="Update_By_Example_Where_Clause">
    <where>
      <foreach collection="example.oredCriteria" item="criteria" separator="or">
        <if test="criteria.valid">
          <trim prefix="(" prefixOverrides="and" suffix=")">
            <foreach collection="criteria.criteria" item="criterion">
              <choose>
                <when test="criterion.noValue">
                  and ${criterion.condition}
                </when>
                <when test="criterion.singleValue">
                  and ${criterion.condition} #{criterion.value}
                </when>
                <when test="criterion.betweenValue">
                  and ${criterion.condition} #{criterion.value} and #{criterion.secondValue}
                </when>
                <when test="criterion.listValue">
                  and ${criterion.condition}
                  <foreach close=")" collection="criterion.value" item="listItem" open="(" separator=",">
                    #{listItem}
                  </foreach>
                </when>
              </choose>
            </foreach>
          </trim>
        </if>
      </foreach>
    </where>
  </sql>
  <sql id="Base_Column_List">
    rp_id, role_id, page_id
  </sql>
  <select id="selectByExample" parameterType="com.phms.pojo.RolePageExample" resultMap="BaseResultMap">
    select
    <if test="distinct">
      distinct
    </if>
    <include refid="Base_Column_List" />
    from role_page
    <if test="_parameter != null">
      <include refid="Example_Where_Clause" />
    </if>
    <if test="orderByClause != null">
      order by ${orderByClause}
    </if>
  </select>
  <select id="selectByPrimaryKey" parameterType="java.lang.Integer" resultMap="BaseResultMap">
    select 
    <include refid="Base_Column_List" />
    from role_page
    where rp_id = #{rpId,jdbcType=INTEGER}
  </select>
  <delete id="deleteByPrimaryKey" parameterType="java.lang.Integer">
    delete from role_page
    where rp_id = #{rpId,jdbcType=INTEGER}
  </delete>
  <delete id="deleteByExample" parameterType="com.phms.pojo.RolePageExample">
    delete from role_page
    <if test="_parameter != null">
      <include refid="Example_Where_Clause" />
    </if>
  </delete>
  <insert id="insert" parameterType="com.phms.pojo.RolePage">
    insert into role_page (rp_id, role_id, page_id
      )
    values (#{rpId,jdbcType=INTEGER}, #{roleId,jdbcType=INTEGER}, #{pageId,jdbcType=INTEGER}
      )
  </insert>
  <insert id="insertSelective" parameterType="com.phms.pojo.RolePage">
    insert into role_page
    <trim prefix="(" suffix=")" suffixOverrides=",">
      <if test="rpId != null">
        rp_id,
      </if>
      <if test="roleId != null">
        role_id,
      </if>
      <if test="pageId != null">
        page_id,
      </if>
    </trim>
    <trim prefix="values (" suffix=")" suffixOverrides=",">
      <if test="rpId != null">
        #{rpId,jdbcType=INTEGER},
      </if>
      <if test="roleId != null">
        #{roleId,jdbcType=INTEGER},
      </if>
      <if test="pageId != null">
        #{pageId,jdbcType=INTEGER},
      </if>
    </trim>
  </insert>
  <select id="countByExample" parameterType="com.phms.pojo.RolePageExample" resultType="java.lang.Long">
    select count(*) from role_page
    <if test="_parameter != null">
      <include refid="Example_Where_Clause" />
    </if>
  </select>
  <update id="updateByExampleSelective" parameterType="map">
    update role_page
    <set>
      <if test="record.rpId != null">
        rp_id = #{record.rpId,jdbcType=INTEGER},
      </if>
      <if test="record.roleId != null">
        role_id = #{record.roleId,jdbcType=INTEGER},
      </if>
      <if test="record.pageId != null">
        page_id = #{record.pageId,jdbcType=INTEGER},
      </if>
    </set>
    <if test="_parameter != null">
      <include refid="Update_By_Example_Where_Clause" />
    </if>
  </update>
  <update id="updateByExample" parameterType="map">
    update role_page
    set rp_id = #{record.rpId,jdbcType=INTEGER},
      role_id = #{record.roleId,jdbcType=INTEGER},
      page_id = #{record.pageId,jdbcType=INTEGER}
    <if test="_parameter != null">
      <include refid="Update_By_Example_Where_Clause" />
    </if>
  </update>
  <update id="updateByPrimaryKeySelective" parameterType="com.phms.pojo.RolePage">
    update role_page
    <set>
      <if test="roleId != null">
        role_id = #{roleId,jdbcType=INTEGER},
      </if>
      <if test="pageId != null">
        page_id = #{pageId,jdbcType=INTEGER},
      </if>
    </set>
    where rp_id = #{rpId,jdbcType=INTEGER}
  </update>
  <update id="updateByPrimaryKey" parameterType="com.phms.pojo.RolePage">
    update role_page
    set role_id = #{roleId,jdbcType=INTEGER},
      page_id = #{pageId,jdbcType=INTEGER}
    where rp_id = #{rpId,jdbcType=INTEGER}
  </update>
</mapper>